name,company,msg,remote_ip,user_agent,date
Jason Choi,Sherman-Rodriguez,Deep carry culture hear can pressure.,221.196.80.109,"Mozilla/5.0 (Macintosh; PPC Mac OS X 10_8_3 rv:6.0; wa-BE) AppleWebKit/534.45.7 (KHTML, like Gecko) Version/5.0 Safari/534.45.7",2023-01-05
Andrew Williamson,"Smith, Figueroa and Thompson",Per reason increase material blue.,160.223.156.105,"Mozilla/5.0 (Windows; U; Windows NT 5.2) AppleWebKit/534.2.5 (KHTML, like Gecko) Version/5.0.5 Safari/534.2.5",2023-01-05
Colleen Nelson,Cooper-Lewis,Affect cup whether just able wide truth during.,205.160.184.152,Opera/9.18.(Windows NT 5.2; ur-IN) Presto/2.9.188 Version/10.00,2023-01-05
Holly Reed,Brown PLC,Certain situation dog western according push.,128.70.206.109,"Mozilla/5.0 (Macintosh; U; Intel Mac OS X 10_12_2 rv:4.0; gu-IN) AppleWebKit/531.5.6 (KHTML, like Gecko) Version/5.0 Safari/531.5.6",2023-01-05
Michelle Hobbs,Jackson and Sons,Close discuss specific alone federal kind.,220.71.142.210,Mozilla/5.0 (Android 4.1; Mobile; rv:14.0) Gecko/14.0 Firefox/14.0,2023-01-05
Diane Guzman,Obrien-Williams,Second student weight citizen town evidence threat.,206.145.198.19,Opera/9.88.(X11; Linux x86_64; et-EE) Presto/2.9.189 Version/12.00,2023-01-04
Jessica Powers,"Potter, Kaufman and Vaughan",Expect responsibility none financial still keep research energy.,211.43.201.122,"Mozilla/5.0 (Linux; Android 4.4.2) AppleWebKit/535.1 (KHTML, like Gecko) Chrome/35.0.878.0 Safari/535.1",2023-01-04
Christy Trevino,"Turner, Giles and Obrien",Nothing training you so miss provide.,150.146.250.121,Mozilla/5.0 (compatible; MSIE 7.0; Windows NT 6.1; Trident/5.1),2023-01-04
Kevin Jackson,Duncan LLC,Collection final mother with class.,193.176.169.49,Opera/9.30.(X11; Linux i686; az-AZ) Presto/2.9.182 Version/12.00,2023-01-04
Jessica Vaughn,Trevino Ltd,Get house right down.,181.12.108.109,Mozilla/5.0 (compatible; MSIE 6.0; Windows NT 5.2; Trident/3.0),2023-01-04
